{
  "records": [
    {
      "meta": {
        "id": "system.beginner",
        "versions": ["1.0.0", "1.1.0"],
        "aliases": { "stable": "1.1.0" },
        "description": "Beginner one-file system template"
      },
      "files": {
        "1.0.0": "system.beginner/1.0.0.md",
        "1.1.0": "system.beginner/1.1.0.md"
      }
    },
    {
      "meta": {
        "id": "system.pro",
        "versions": ["1.0.0", "1.2.0"],
        "aliases": { "stable": "1.2.0" },
        "description": "Pro multi-file system template"
      },
      "files": {
        "1.0.0": "system.pro/1.0.0.md",
        "1.2.0": "system.pro/1.2.0.md"
      }
    }
  ]
}
